"area_code_m49","area","year_code","gdp_pc_ppp","dietary_energy","childhood_stunting","childhood_overweight","anemia","undernourished"
"012",Algeria,"2001",8926.1,127,21.5,13.5,37,8.1
"012",Algeria,"2002",9299.7,129,20.7,14.1,36.5,7.4
"012",Algeria,"2003",9835.2,130,19.8,14.7,36,7
"012",Algeria,"2004",10114.7,130,18.9,15.1,35.6,7
"012",Algeria,"2005",10566.4,131,18.1,15.4,35.2,6.7
"012",Algeria,"2006",10592.2,132,17.2,15.6,34.8,6.4
"012",Algeria,"2007",10775.5,133,16.3,15.6,34.4,5.9
"012",Algeria,"2008",10847.2,135,15.4,15.4,34,5.6
"012",Algeria,"2009",10824.6,136,14.4,15.1,33.7,5.1
"012",Algeria,"2010",11007.7,139,13.6,14.6,33.3,4.3
"012",Algeria,"2011",11114,142,12.8,14.1,33.1,3.7
"012",Algeria,"2012",11270.7,145,12.1,13.5,32.9,3.1
"012",Algeria,"2013",11360.6,147,11.6,13,32.8,2.9
"012",Algeria,"2014",11561.3,148,11.1,12.5,32.7,2.7
"012",Algeria,"2015",11751.6,149,10.7,12.2,32.8,2.6
"012",Algeria,"2016",11888.3,149,10.4,12,32.9,2.6
"012",Algeria,"2017",11809.5,149,10,11.8,33,2.6
"012",Algeria,"2018",11725.9,149,9.7,11.7,33.1,1.75
"012",Algeria,"2019",11627.3,150,9.4,11.7,33.3,1.75
"024",Angola,"2001",4747.8,74,43.5,2.9,51.5,67.8
"024",Angola,"2002",5219.6,77,40.6,3.1,51.3,63.5
"024",Angola,"2003",5195.3,80,38,3.2,50.9,59.1
"024",Angola,"2004",5565.6,82,35.7,3.2,50.5,55.4
"024",Angola,"2005",6178.3,84,33.9,3.2,50.1,52.6
"024",Angola,"2006",6648.8,85,32.5,3.2,49.6,49.8
"024",Angola,"2007",7309.3,87,31.6,3.1,49.2,46.7
"024",Angola,"2008",7832.9,90,30.9,3,48.5,43.6
"024",Angola,"2009",7613.8,99,30.7,3,47.7,32.6
"024",Angola,"2010",7691.1,109,30.8,3,46.9,22.6
"024",Angola,"2011",7664.4,116,31.1,3,46.3,14.2
"024",Angola,"2012",8012.1,118,31.8,3,45.9,13.3
"024",Angola,"2013",8100.4,119,32.8,3,45.6,12.7
"024",Angola,"2014",8183.7,119,34.1,3.1,45.3,12.5
"024",Angola,"2015",7967.1,118,35.6,3.2,45,13.5
"024",Angola,"2016",7488.1,116,37.2,3.3,44.8,14.4
"024",Angola,"2017",7216.1,116,38.7,3.4,44.7,14.7
"024",Angola,"2018",6878.6,115,40.2,3.5,44.6,15.2
"024",Angola,"2019",6602.4,114,41.4,3.6,44.5,17.5
"204",Benin,"2001",2485.1,109,35,3,61.7,17.3
"204",Benin,"2002",2523.6,111,35.2,3.3,61.4,15.6
"204",Benin,"2003",2533,113,35.4,3.4,61.1,13.7
"204",Benin,"2004",2566.3,114,35.7,3.2,60.7,13.2
"204",Benin,"2005",2528.7,116,36.1,2.8,60.1,12
"204",Benin,"2006",2549.2,118,36.4,2.4,59.6,11
"204",Benin,"2007",2625.2,119,36.4,2.1,59,10.1
"204",Benin,"2008",2673.8,121,36.2,1.8,58.2,9.1
"204",Benin,"2009",2656.4,120,35.8,1.7,57.4,9.1
"204",Benin,"2010",2634.1,120,35.2,1.6,56.7,8.6
"204",Benin,"2011",2633.9,120,34.5,1.6,56,8.6
"204",Benin,"2012",2681.4,120,33.9,1.6,55.5,8.4
"204",Benin,"2013",2792,121,33.5,1.6,55.2,8.2
"204",Benin,"2014",2883.9,121,33.1,1.7,55,8.2
"204",Benin,"2015",2849.8,121,32.9,1.7,55,8.1
"204",Benin,"2016",2859.4,121,32.7,1.8,55,8.7
"204",Benin,"2017",2933.8,120,32.5,1.8,55,9.5
"204",Benin,"2018",3040.2,121,32.3,1.8,55.1,10.4
"204",Benin,"2019",3156.4,122,31.9,1.9,55.2,10.6
"072",Botswana,"2001",11262.9,99,30.1,9.8,36,23.8
"072",Botswana,"2002",11725.6,98,30,9.9,35.5,24.2
"072",Botswana,"2003",12054.9,98,29.7,9.9,35.1,24.8
"072",Botswana,"2004",12166.5,99,29.5,10,34.7,23.9
"072",Botswana,"2005",12494.2,101,29.3,10,34.2,22.9
"072",Botswana,"2006",13287.2,101,28.8,10.1,33.7,22.6
"072",Botswana,"2007",13783.4,102,28.3,10.2,33.1,22.5
"072",Botswana,"2008",13945.6,103,27.8,10.2,32.5,22.3
"072",Botswana,"2009",11729.6,103,27,10.2,32.1,22.4
"072",Botswana,"2010",12653.4,103,26.1,10.3,31.7,22.5
"072",Botswana,"2011",13250.3,103,25.3,10.4,31.4,22.7
"072",Botswana,"2012",12975.9,103,24.6,10.4,31.3,22.8
"072",Botswana,"2013",14144.5,104,23.6,10.5,31.3,23
"072",Botswana,"2014",14665.3,104,23.2,10.5,31.4,23.3
"072",Botswana,"2015",13682.7,104,22.9,10.5,31.6,24.1
"072",Botswana,"2016",14373.5,103,22.9,10.4,31.8,25
"072",Botswana,"2017",14656.8,103,22.9,10.3,32.1,26.3
"072",Botswana,"2018",14962.1,103,23,10.1,32.3,26.4
"072",Botswana,"2019",15118,104,22.8,10,32.5,26.4
"854",Burkina Faso,"2001",1310.1,109,40.9,3.1,56,22.9
"854",Burkina Faso,"2002",1325.7,111,41.3,3.4,55.8,20.9
"854",Burkina Faso,"2003",1385.5,114,41.5,3.5,55.5,18.9
"854",Burkina Faso,"2004",1402.8,114,41.6,3.3,55.2,18.5
"854",Burkina Faso,"2005",1477,115,41.5,2.9,54.9,17.8
"854",Burkina Faso,"2006",1521.2,116,41.2,2.5,54.6,17.4
"854",Burkina Faso,"2007",1536.4,117,40.6,2.2,54.3,16.1
"854",Burkina Faso,"2008",1578.3,119,39.6,1.9,54,15.4
"854",Burkina Faso,"2009",1578.1,119,38.3,1.8,53.7,14.6
"854",Burkina Faso,"2010",1661.9,119,36.7,1.7,53.5,14.5
"854",Burkina Faso,"2011",1720.1,119,35.1,1.7,53.3,14.2
"854",Burkina Faso,"2012",1776.4,120,33.3,1.8,53.3,13.7
"854",Burkina Faso,"2013",1823.6,121,31.5,1.8,53.3,13.2
"854",Burkina Faso,"2014",1846.6,121,29.9,1.8,53.2,13.1
"854",Burkina Faso,"2015",1862.9,121,28.4,1.9,53.1,13.3
"854",Burkina Faso,"2016",1916.8,120,27,1.9,53,13.6
"854",Burkina Faso,"2017",1978.2,120,25.8,2,52.8,13.7
"854",Burkina Faso,"2018",2051.2,120,24.8,2,52.6,14
"854",Burkina Faso,"2019",2110.1,120,23.9,2,52.5,14.6
"120",Cameroon,"2001",2985.6,101,37.6,9.2,42.4,22.7
"120",Cameroon,"2002",3036.8,103,37.6,10.4,42.5,20.6
"120",Cameroon,"2003",3116.2,104,37.5,11,42.5,19.2
"120",Cameroon,"2004",3245.5,106,37.3,10.8,42.5,17.5
"120",Cameroon,"2005",3228.4,107,37,10.1,42.5,15.8
"120",Cameroon,"2006",3261.5,109,36.6,9.1,42.3,14
"120",Cameroon,"2007",3309.3,111,36.1,8.1,42.1,12.5
"120",Cameroon,"2008",3308.3,113,35.4,7.4,41.9,11.1
"120",Cameroon,"2009",3298.4,118,34.6,7,41.7,8.2
"120",Cameroon,"2010",3298.6,123,33.7,6.9,41.4,5.9
"120",Cameroon,"2011",3314.9,127,32.9,7,41.3,4
"120",Cameroon,"2012",3372,128,32.1,7.1,41.2,3.7
"120",Cameroon,"2013",3442.2,127,31.5,7.4,41.1,3.8
"120",Cameroon,"2014",3530.3,126,31,7.6,41,4.1
"120",Cameroon,"2015",3614.8,125,30.5,7.9,40.9,4.4
"120",Cameroon,"2016",3667.3,125,30,8.2,40.8,5
"120",Cameroon,"2017",3691.1,124,29.5,8.5,40.6,5.6
"120",Cameroon,"2018",3732.5,125,29,8.8,40.6,5.9
"120",Cameroon,"2019",3756.5,126,28.5,9.1,40.6,5.8
"140",Central African Republic,"2001",1028.8,92,43.3,7.5,50.7,38.5
"140",Central African Republic,"2002",1042.7,91,43.4,7.6,50.5,39.5
"140",Central African Republic,"2003",962.9,91,43.5,7.4,50.3,40
"140",Central African Republic,"2004",998.7,91,43.5,7.1,50.2,39.8
"140",Central African Republic,"2005",985.3,92,43.6,6.6,50.1,38.9
"140",Central African Republic,"2006",1011.8,94,43.5,6.1,49.9,37.1
"140",Central African Republic,"2007",1038.8,95,43.3,5.5,49.5,35
"140",Central African Republic,"2008",1038.3,97,42.8,5,49.1,32.6
"140",Central African Republic,"2009",1103.5,96,42.3,4.6,48.7,32.8
"140",Central African Republic,"2010",1130.9,95,41.7,4.2,48.5,33.4
"140",Central African Republic,"2011",1160.4,93,41.1,3.8,48.1,34.9
"140",Central African Republic,"2012",1208.5,92,40.6,3.5,47.9,37.4
"140",Central African Republic,"2013",764.1,89,40.6,3.3,47.8,42.1
"140",Central African Republic,"2014",765.3,86,40.8,3.1,47.8,46.9
"140",Central African Republic,"2015",795,84,40.9,2.9,47.7,49.1
"140",Central African Republic,"2016",818.4,85,40.9,2.8,47.5,48
"140",Central African Republic,"2017",839.6,86,40.9,2.7,47.2,46.7
"140",Central African Republic,"2018",854.6,87,40.8,2.7,47,44.5
"140",Central African Republic,"2019",861.8,87,40.5,2.6,46.8,44.8
"148",Chad,"2001",980.5,92,42.1,3.9,52.4,38.6
"148",Chad,"2002",1027.7,93,42.4,4.3,52.5,37.5
"148",Chad,"2003",1133.1,93,42.5,4.5,52.5,38
"148",Chad,"2004",1448.4,94,42.6,4.3,52.5,37.4
"148",Chad,"2005",1633,94,42.6,3.9,52.3,38.1
"148",Chad,"2006",1586.4,94,42.5,3.5,52.1,38.6
"148",Chad,"2007",1583.7,94,42.3,3.1,51.8,39.4
"148",Chad,"2008",1576.8,93,41.9,2.7,51.3,40.2
"148",Chad,"2009",1586.5,99,41.3,2.6,50.8,35.2
"148",Chad,"2010",1741.1,104,40.5,2.5,50.3,30.2
"148",Chad,"2011",1682.7,110,39.7,2.5,49.8,24.2
"148",Chad,"2012",1769.3,111,38.9,2.5,49.2,23.8
"148",Chad,"2013",1804.8,110,38.2,2.6,48.7,24.1
"148",Chad,"2014",1861.7,109,37.6,2.7,48.2,25.5
"148",Chad,"2015",1853.3,108,36.9,2.8,47.6,26.2
"148",Chad,"2016",1683.5,108,36.3,2.8,47,26.1
"148",Chad,"2017",1579.8,109,35.7,2.9,46.4,26
"148",Chad,"2018",1563.5,108,35,3,45.9,26.8
"148",Chad,"2019",1562,106,34.4,3,45.4,28.1
"174",Comoros,"2001",2871.2,100,43.8,14.8,37.8,25.2
"174",Comoros,"2002",2878.5,103,43.6,15.8,37.3,21.1
"174",Comoros,"2003",2882,106,43,16.5,36.8,18.2
"174",Comoros,"2004",2881.6,107,42.5,16.6,36.3,16.8
"174",Comoros,"2005",2905.7,107,41.8,16.4,35.8,16.8
"174",Comoros,"2006",2923.5,106,40.9,15.8,35.1,17.5
"174",Comoros,"2007",2888.4,105,40,15.1,34.6,18.7
"174",Comoros,"2008",2943,104,38.7,14.2,34.1,20
"174",Comoros,"2009",2976.8,105,37.2,13.5,33.6,18.2
"174",Comoros,"2010",3025.5,107,35.5,12.8,33.2,16.2
"174",Comoros,"2011",3084.8,108,33.7,12.1,32.9,14
"174",Comoros,"2012",3115.2,109,31.9,11.5,32.8,13.7
"174",Comoros,"2013",3185.3,109,30.2,11,32.7,13.2
"174",Comoros,"2014",3183.2,110,28.6,10.5,32.8,12.8
"174",Comoros,"2015",3150.9,111,27.2,10.1,33,12.4
"174",Comoros,"2016",3185.6,111,25.8,9.7,33.1,11.9
"174",Comoros,"2017",3240.2,112,24.4,9.3,33.3,11.6
"174",Comoros,"2018",3294.8,112,23,9,33.5,11.7
"174",Comoros,"2019",3290.7,112,21.7,8.7,33.8,11.6
"178",Congo,"2001",4389.4,100,33.6,7.1,57.1,27
"178",Congo,"2002",4484.3,100,33.4,7.2,57.2,26.5
"178",Congo,"2003",4397.3,100,32.6,7.4,57.2,26.7
"178",Congo,"2004",4398.2,97,31.8,7.3,57.1,32.1
"178",Congo,"2005",4571.8,95,30.9,7.1,56.9,34.5
"178",Congo,"2006",4755,92,30,6.8,56.6,37.2
"178",Congo,"2007",4280,93,29.2,6.4,56.2,36
"178",Congo,"2008",4401.7,93,28,6.1,55.6,36.1
"178",Congo,"2009",4720.4,91,26.8,5.8,55.1,37.3
"178",Congo,"2010",4978,90,25.5,5.5,54.4,38.7
"178",Congo,"2011",4925.4,89,24.2,5.3,53.8,38.8
"178",Congo,"2012",5267,91,23.1,5.1,53.1,35.8
"178",Congo,"2013",5105.2,94,22.2,4.9,52.4,31
"178",Congo,"2014",5319.4,96,21.5,4.7,51.7,27.9
"178",Congo,"2015",5009.4,97,20.9,4.6,51.1,27.7
"178",Congo,"2016",4363.8,97,20.3,4.5,50.4,28.5
"178",Congo,"2017",4073.9,96,19.7,4.4,49.8,30.2
"178",Congo,"2018",3786.4,97,19.1,4.4,49.2,30.8
"178",Congo,"2019",3695.1,97,18.5,4.4,48.8,31.1
"384",C�te d'Ivoire,"2001",3863.2,118,32.8,5.6,54,18.2
"384",C�te d'Ivoire,"2002",3664.5,119,33.1,6.1,53.8,18.2
"384",C�te d'Ivoire,"2003",3408,119,33.2,6.3,53.7,17.7
"384",C�te d'Ivoire,"2004",3435.3,120,33.4,6,53.6,17.2
"384",C�te d'Ivoire,"2005",3391.7,121,33.5,5.3,53.5,16.9
"384",C�te d'Ivoire,"2006",3411,121,33.6,4.6,53.3,17
"384",C�te d'Ivoire,"2007",3374.8,119,33.4,3.9,53.1,18
"384",C�te d'Ivoire,"2008",3461.7,118,33,3.3,52.9,18.9
"384",C�te d'Ivoire,"2009",3511.3,118,32.3,3,52.7,18.3
"384",C�te d'Ivoire,"2010",3673.2,120,31.4,2.8,52.5,16.4
"384",C�te d'Ivoire,"2011",3404.5,122,30.5,2.7,52.3,14.4
"384",C�te d'Ivoire,"2012",3589.4,123,29.6,2.6,52.2,13.4
"384",C�te d'Ivoire,"2013",3894.5,122,28.7,2.6,52.1,13.4
"384",C�te d'Ivoire,"2014",4162,123,27.7,2.5,51.9,12.6
"384",C�te d'Ivoire,"2015",4347.8,123,26.9,2.5,51.7,11.9
"384",C�te d'Ivoire,"2016",4541.2,125,25.9,2.5,51.5,10.6
"384",C�te d'Ivoire,"2017",4750.9,126,24.8,2.5,51.3,9.8
"384",C�te d'Ivoire,"2018",4949.6,127,23.8,2.5,51.1,9
"384",C�te d'Ivoire,"2019",5126.6,129,22.8,2.5,50.9,8.4
"180",Democratic Republic of the Congo,"2001",691.7,103,46,6.9,52.5,27.9
"180",Democratic Republic of the Congo,"2002",690.7,103,46,7.1,52.4,28.4
"180",Democratic Republic of the Congo,"2003",708,103,46,7.2,52.2,28.4
"180",Democratic Republic of the Congo,"2004",733.5,103,45.9,7.1,51.9,28.4
"180",Democratic Republic of the Congo,"2005",754.7,103,45.7,6.9,51.5,28.4
"180",Democratic Republic of the Congo,"2006",769.9,103,45.5,6.5,51,28.4
"180",Democratic Republic of the Congo,"2007",792.2,103,45.2,6.1,50.5,28.4
"180",Democratic Republic of the Congo,"2008",815,103,44.7,5.8,49.8,28.4
"180",Democratic Republic of the Congo,"2009",811.9,104,44.3,5.4,48.9,28.4
"180",Democratic Republic of the Congo,"2010",841.9,105,43.7,5.1,48.1,28.1
"180",Democratic Republic of the Congo,"2011",870.1,106,43.2,4.9,47.2,28.4
"180",Democratic Republic of the Congo,"2012",901,105,42.7,4.6,46.4,29.2
"180",Democratic Republic of the Congo,"2013",944.6,105,42.3,4.5,45.5,29.4
"180",Democratic Republic of the Congo,"2014",999.1,105,42,4.3,44.8,29.6
"180",Democratic Republic of the Congo,"2015",1032.6,104,41.8,4.2,44.1,30.2
"180",Democratic Republic of the Congo,"2016",1021.3,103,41.7,4.1,43.5,30.8
"180",Democratic Republic of the Congo,"2017",1023.5,103,41.7,4,43,31.2
"180",Democratic Republic of the Congo,"2018",1048.2,103,41.6,3.9,42.6,31
"180",Democratic Republic of the Congo,"2019",1059.9,102,41.4,3.8,42.4,32.5
"262",Djibouti,"2013",3664.3,100,28.4,1.3,31,25.3
"262",Djibouti,"2014",3854.3,102,27.2,1.4,31.2,22.9
"262",Djibouti,"2015",4073.6,104,26.1,1.5,31.3,21.3
"262",Djibouti,"2016",4291.3,105,24.9,1.7,31.5,20.2
"262",Djibouti,"2017",4451.7,105,23.7,1.8,31.8,19.9
"262",Djibouti,"2018",4589.4,106,22.6,2,32,19.4
"262",Djibouti,"2019",4768.1,106,21.5,2.2,32.3,19
"818",Egypt,"2001",7575.8,142,25.5,12.5,35.3,5.2
"818",Egypt,"2002",7596.3,141,25.1,13.1,35.2,5.4
"818",Egypt,"2003",7676.9,139,24.8,13.7,35.1,6
"818",Egypt,"2004",7830.4,138,24.5,14.3,34.8,6.3
"818",Egypt,"2005",8019.9,137,24.4,14.8,34.5,6.4
"818",Egypt,"2006",8403.6,139,24.4,15.2,34.1,6
"818",Egypt,"2007",8825.3,140,24.6,15.5,33.7,5.6
"818",Egypt,"2008",9273.4,141,24.9,15.6,33.2,5.5
"818",Egypt,"2009",9518.8,141,25.3,15.7,32.5,5.2
"818",Egypt,"2010",9807.8,140,25.4,15.7,31.9,5.1
"818",Egypt,"2011",9763,140,25.2,15.7,31.4,4.9
"818",Egypt,"2012",9757.1,139,24.6,15.7,31,5.1
"818",Egypt,"2013",9742.1,138,23.7,15.8,30.7,5.3
"818",Egypt,"2014",9794,137,23,16,30.3,5.5
"818",Egypt,"2015",9999.2,136,22.5,16.2,29.7,5.8
"818",Egypt,"2016",10218.4,136,22.2,16.4,29.2,6
"818",Egypt,"2017",10435.9,135,21.9,16.6,28.8,6.4
"818",Egypt,"2018",10783.8,135,21.7,17,28.5,6.3
"818",Egypt,"2019",11180.7,135,21.4,17.3,28.3,6.3
"748",Eswatini,"2001",5443.3,112,35.7,12.7,33.4,10.5
"748",Eswatini,"2002",5630.8,113,35.4,12.6,32.8,9.8
"748",Eswatini,"2003",5805.2,116,35,12.5,32.3,8.5
"748",Eswatini,"2004",5976.2,115,34.4,12.3,31.8,8.7
"748",Eswatini,"2005",6298.5,114,33.9,12.2,31.4,9.6
"748",Eswatini,"2006",6639.7,112,33.4,11.9,31.1,10.7
"748",Eswatini,"2007",6894.1,111,32.8,11.6,30.9,11.3
"748",Eswatini,"2008",6913.3,110,32,11.3,31,11.6
"748",Eswatini,"2009",6989.4,105,31.2,11,30.8,16.4
"748",Eswatini,"2010",7221.3,101,30.2,10.6,30.5,19.7
"748",Eswatini,"2011",7347.2,98,29,10.4,30.2,22
"748",Eswatini,"2012",7701.4,101,28,10.1,30,18.5
"748",Eswatini,"2013",7949.6,104,27.1,9.8,29.9,15.8
"748",Eswatini,"2014",7969.2,106,26.3,9.5,29.8,14.4
"748",Eswatini,"2015",8088.7,106,25.6,9.2,29.8,14.4
"748",Eswatini,"2016",8113.2,106,24.9,8.9,29.9,14.5
"748",Eswatini,"2017",8213.9,107,24.3,8.7,30.1,13.7
"748",Eswatini,"2018",8343,108,23.6,8.5,30.4,12.9
"748",Eswatini,"2019",8501.3,109,23.1,8.3,30.7,12.1
"231",Ethiopia,"2001",756.3,87,55.8,3,32.2,46.7
"231",Ethiopia,"2002",745.5,88,54.7,3.2,31.2,44.1
"231",Ethiopia,"2003",708.5,89,53.6,3.2,30.4,42.5
"231",Ethiopia,"2004",781.9,90,52.5,3.2,29.4,39.1
"231",Ethiopia,"2005",849.8,91,51.3,3.2,28.3,37.1
"231",Ethiopia,"2006",915.7,92,50.2,3.1,27.3,35.6
"231",Ethiopia,"2007",991.9,93,48.9,2.9,26.1,35
"231",Ethiopia,"2008",1068.1,94,47.6,2.8,25,33.5
"231",Ethiopia,"2009",1130,97,46.1,2.7,24,28.2
"231",Ethiopia,"2010",1236.5,100,44.7,2.6,23.2,24.2
"231",Ethiopia,"2011",1336.1,104,43.3,2.6,22.7,20.3
"231",Ethiopia,"2012",1411.1,105,42.1,2.5,22.4,18.9
"231",Ethiopia,"2013",1518.1,107,41.1,2.5,22.2,17.3
"231",Ethiopia,"2014",1629.2,109,40.3,2.5,22.3,15.6
"231",Ethiopia,"2015",1750.7,110,39.5,2.5,22.5,14.5
"231",Ethiopia,"2016",1864.5,111,38.8,2.5,22.7,14.1
"231",Ethiopia,"2017",1988,111,38.1,2.6,23,15.5
"231",Ethiopia,"2018",2067.5,111,37.4,2.6,23.4,18
"231",Ethiopia,"2019",2181.7,110,36.6,2.6,23.9,20.7
"266",Gabon,"2001",15907.9,120,25.2,6.5,58.4,10.8
"266",Gabon,"2002",15453,119,24.9,6.8,58.3,12.2
"266",Gabon,"2003",15379.6,118,24.4,7,58.2,13.4
"266",Gabon,"2004",15062.6,118,23.9,7,58.1,13.9
"266",Gabon,"2005",15028.4,119,23.3,6.9,57.9,14.4
"266",Gabon,"2006",14177.1,119,22.7,6.8,57.7,14.8
"266",Gabon,"2007",14570.8,117,22.1,6.6,57.3,16
"266",Gabon,"2008",13646.6,116,21.1,6.4,57,16.8
"266",Gabon,"2009",13221.8,114,20.1,6.4,56.7,17.3
"266",Gabon,"2010",13682.8,114,19,6.3,56.3,16.6
"266",Gabon,"2011",14145.7,114,18.1,6.2,55.8,15.9
"266",Gabon,"2012",14368,114,17.2,6.2,55.3,15.4
"266",Gabon,"2013",14655.4,114,16.6,6.1,54.9,15.4
"266",Gabon,"2014",14785.4,114,16.2,6,54.4,15.7
"266",Gabon,"2015",14892,113,15.9,6,54,16.3
"266",Gabon,"2016",14783.1,112,15.5,5.9,53.6,17.4
"266",Gabon,"2017",14478.1,111,15.2,5.9,53.2,18.4
"266",Gabon,"2018",14254.5,110,14.9,5.8,52.8,19.5
"266",Gabon,"2019",14478,109,14.6,5.7,52.4,20.9
"270",Gambia,"2001",2139.6,107,27.7,3.7,61.8,18
"270",Gambia,"2002",2011.9,105,27.6,4.1,61.6,19.8
"270",Gambia,"2003",2089.6,104,27.4,4.3,61.3,20.5
"270",Gambia,"2004",2173.2,104,27.2,4.1,61,20.7
"270",Gambia,"2005",2060.5,103,27.1,3.7,60.6,21.5
"270",Gambia,"2006",1988.1,104,26.8,3.2,60.2,20.5
"270",Gambia,"2007",1986.4,107,26.5,2.7,59.7,18.4
"270",Gambia,"2008",2046.1,110,25.9,2.4,59.2,15.4
"270",Gambia,"2009",2115.6,111,25.1,2.2,58.5,14
"270",Gambia,"2010",2172.2,112,24.2,2,57.9,13.1
"270",Gambia,"2011",1934.7,112,23.2,2,57.2,12.9
"270",Gambia,"2012",1974.1,112,22.3,1.9,56.4,13.6
"270",Gambia,"2013",1969.8,111,21.4,1.9,55.6,14.4
"270",Gambia,"2014",1885.1,109,20.6,1.9,54.8,15.4
"270",Gambia,"2015",1905.8,109,19.8,1.9,53.9,15.9
"270",Gambia,"2016",1889.1,108,18.9,1.9,52.8,16.7
"270",Gambia,"2017",1927,107,18,1.9,51.7,17.6
"270",Gambia,"2018",2012.6,106,17,1.9,50.6,17.8
"270",Gambia,"2019",2083.3,106,15.7,1.9,49.5,18.3
"288",Ghana,"2001",2787.1,114,32.3,4.2,49.1,14.9
"288",Ghana,"2002",2833.6,116,31.9,4.6,49.2,13.5
"288",Ghana,"2003",2901.1,118,31.5,4.8,49.4,12.7
"288",Ghana,"2004",2982.9,119,31,4.6,49.5,12.1
"288",Ghana,"2005",3076,121,30.4,4.2,49.3,11.1
"288",Ghana,"2006",3187.6,123,29.7,3.6,49.1,10.4
"288",Ghana,"2007",3240.6,125,28.8,3.1,48.7,9.2
"288",Ghana,"2008",3447.3,128,27.6,2.7,48.1,8.1
"288",Ghana,"2009",3523.8,130,26.3,2.5,47.3,6.6
"288",Ghana,"2010",3709.4,130,24.9,2.4,46.3,6.2
"288",Ghana,"2011",4128.6,129,23.4,2.3,45.2,6.3
"288",Ghana,"2012",4402.5,128,22,2.3,44.2,6.6
"288",Ghana,"2013",4610,127,20.7,2.3,43.1,6.9
"288",Ghana,"2014",4628.9,125,19.5,2.2,41.9,7.5
"288",Ghana,"2015",4616.6,124,18.5,2.2,40.7,8.2
"288",Ghana,"2016",4662,124,17.6,2.2,39.2,8.3
"288",Ghana,"2017",4929.6,126,16.8,2.1,37.8,7.6
"288",Ghana,"2018",5125.2,129,15.9,2.1,36.6,6.5
"288",Ghana,"2019",5345.9,132,15,2,35.4,5.7
"324",Guinea,"2001",1724.4,116,33.5,6.1,52.5,18
"324",Guinea,"2002",1785.6,116,34,6.8,52.6,17.8
"324",Guinea,"2003",1767.8,117,34.6,7.2,52.7,16.9
"324",Guinea,"2004",1771,118,35.1,7,52.7,16
"324",Guinea,"2005",1788.4,120,35.5,6.5,52.6,14.9
"324",Guinea,"2006",1772.7,121,35.9,5.8,52.5,14
"324",Guinea,"2007",1850.6,123,36,5.1,52.3,12.9
"324",Guinea,"2008",1881.3,124,35.9,4.6,52.1,12.2
"324",Guinea,"2009",1815.3,121,35.6,4.3,51.8,14.1
"324",Guinea,"2010",1856.5,118,35,4.3,51.4,15.4
"324",Guinea,"2011",1912.8,115,34.4,4.3,51.2,16.4
"324",Guinea,"2012",1977,118,33.7,4.4,50.9,14.7
"324",Guinea,"2013",2005.4,119,33.2,4.5,50.6,13.5
"324",Guinea,"2014",2028.5,120,32.7,4.7,50.3,12.9
"324",Guinea,"2015",2053.1,121,32.2,4.8,49.9,12.9
"324",Guinea,"2016",2217.1,121,31.7,4.9,49.5,13.3
"324",Guinea,"2017",2383.6,123,31.1,5,49,13.3
"324",Guinea,"2018",2471.7,125,30.5,5.1,48.5,12.7
"324",Guinea,"2019",2545.1,127,29.8,5.2,48,12.5
"624",Guinea-Bissau,"2001",1682,111,33.4,5.4,53.6,15.8
"624",Guinea-Bissau,"2002",1628.7,110,33,5.9,53.4,16.1
"624",Guinea-Bissau,"2003",1600.7,110,32.7,6,53.2,16.4
"624",Guinea-Bissau,"2004",1606.6,110,32.3,5.7,53,16.5
"624",Guinea-Bissau,"2005",1635.4,110,32,5.1,52.7,16.4
"624",Guinea-Bissau,"2006",1632.5,110,31.8,4.4,52.4,16.3
"624",Guinea-Bissau,"2007",1643.4,110,31.5,3.8,52.1,16.2
"624",Guinea-Bissau,"2008",1652.9,110,31.1,3.3,51.6,16.1
"624",Guinea-Bissau,"2009",1665.2,106,30.7,3,51.2,19.8
"624",Guinea-Bissau,"2010",1697.5,101,30.3,2.9,50.7,23.8
"624",Guinea-Bissau,"2011",1787.1,97,29.8,2.8,50.3,28.1
"624",Guinea-Bissau,"2012",1710,95,29.3,2.8,49.9,30.4
"624",Guinea-Bissau,"2013",1718.9,93,29.1,2.8,49.6,33
"624",Guinea-Bissau,"2014",1690.1,92,28.9,2.9,49.3,34.8
"624",Guinea-Bissau,"2015",1748,92,28.8,2.9,49.1,35.1
"624",Guinea-Bissau,"2016",1811.3,93,28.8,2.9,48.8,34
"624",Guinea-Bissau,"2017",1872.3,93,28.7,3,48.5,32.9
"624",Guinea-Bissau,"2018",1851.9,94,28.7,3,48.3,33.1
"624",Guinea-Bissau,"2019",1890.5,93,28.5,3,48.1,35.3
"404",Kenya,"2001",3325.9,94,38.5,7.6,38.7,32.3
"404",Kenya,"2002",3244.2,93,38.4,7.7,37.6,33.7
"404",Kenya,"2003",3241.7,92,38.1,7.6,36.6,35
"404",Kenya,"2004",3306.8,94,37.7,7.3,35.5,32.1
"404",Kenya,"2005",3399.4,96,37.3,6.9,34.3,28.4
"404",Kenya,"2006",3513.3,97,36.7,6.5,33.2,26.1
"404",Kenya,"2007",3644.3,96,35.8,6,32.1,27.1
"404",Kenya,"2008",3545.6,96,34.6,5.6,31,27
"404",Kenya,"2009",3556,98,33.3,5.3,30.1,24.3
"404",Kenya,"2010",3735.8,100,31.7,5,29.3,21.3
"404",Kenya,"2011",3824.2,101,30.1,4.8,28.7,19.2
"404",Kenya,"2012",3899.2,102,28.6,4.6,28.4,18.3
"404",Kenya,"2013",3950.9,102,27.2,4.4,28.2,18.1
"404",Kenya,"2014",4055.1,102,26,4.3,28.1,18.3
"404",Kenya,"2015",4163.9,101,24.9,4.2,28.1,20
"404",Kenya,"2016",4244.9,100,23.9,4.1,28.1,21.5
"404",Kenya,"2017",4312.9,99,23,4,28.2,22.8
"404",Kenya,"2018",4464.8,101,22,3.9,28.4,22.2
"404",Kenya,"2019",4601.2,101,21.1,3.8,28.7,23
"426",Lesotho,"2001",1774.6,102,41.8,6.9,35.7,20.7
"426",Lesotho,"2002",1789.1,104,41.9,6.9,34.8,19
"426",Lesotho,"2003",1874.9,106,42.1,6.9,34,17.3
"426",Lesotho,"2004",1914,108,42.1,6.9,33.3,15.6
"426",Lesotho,"2005",1988.3,110,42.2,6.9,32.6,13.9
"426",Lesotho,"2006",2073.1,112,42.2,6.9,31.9,12.9
"426",Lesotho,"2007",2152.7,113,41.8,6.9,31.2,12.4
"426",Lesotho,"2008",2258.4,113,41.2,6.9,30.5,12.3
"426",Lesotho,"2009",2214.3,113,40.5,6.9,29.9,12
"426",Lesotho,"2010",2315.3,113,39.6,6.9,29.4,11.8
"426",Lesotho,"2011",2404.4,111,38.6,7,28.8,12.5
"426",Lesotho,"2012",2535.5,108,37.5,7,28.3,15.2
"426",Lesotho,"2013",2557,103,36.5,7,28,20
"426",Lesotho,"2014",2574.3,97,35.5,7.1,27.7,27.2
"426",Lesotho,"2015",2625.6,93,34.6,7.1,27.5,31.9
"426",Lesotho,"2016",2688.1,91,33.9,7.1,27.4,34
"426",Lesotho,"2017",2571.7,93,33.4,7.1,27.3,31.6
"426",Lesotho,"2018",2541.5,92,32.9,7.1,27.5,33
"426",Lesotho,"2019",2533.1,89,32.6,7,27.9,38.1
"430",Liberia,"2001",1724.1,98,44,5.1,51.9,36.3
"430",Liberia,"2002",1742.8,97,43,5.6,50.8,37.5
"430",Liberia,"2003",1207.7,98,42.4,5.8,50.1,36.5
"430",Liberia,"2004",1224.6,99,41.9,5.6,49.5,34.8
"430",Liberia,"2005",1232.5,100,41.3,5,48.7,33.5
"430",Liberia,"2006",1258.7,101,40.7,4.4,47.9,32.5
"430",Liberia,"2007",1311.4,103,40,3.9,47.1,31.3
"430",Liberia,"2008",1349,105,39.1,3.5,46.3,29.5
"430",Liberia,"2009",1376.5,104,38,3.3,45.5,30.6
"430",Liberia,"2010",1418.7,101,37,3.2,44.8,33.2
"430",Liberia,"2011",1475.8,98,36,3.2,44.1,35.8
"430",Liberia,"2012",1538.4,97,35,3.3,43.6,36.7
"430",Liberia,"2013",1636,97,34,3.4,43.2,36.6
"430",Liberia,"2014",1613.9,97,33.1,3.6,42.9,36.8
"430",Liberia,"2015",1581.1,98,32.6,3.7,42.7,35.9
"430",Liberia,"2016",1525.5,99,31.8,3.8,42.5,35.3
"430",Liberia,"2017",1533.4,99,31,4,42.4,35.1
"430",Liberia,"2018",1521.7,98,30.1,4.2,42.5,35.6
"430",Liberia,"2019",1455.6,97,29.2,4.5,42.6,36.9
"434",Libya,"2001",26040.3,132,18.7,17.4,32.1,3.5
"434",Libya,"2002",25173.2,132,19.1,18.9,31.8,3.8
"434",Libya,"2003",27744.9,132,19.7,20.2,31.4,4.1
"434",Libya,"2004",28244.3,132,20.4,21.6,31.1,4.4
"434",Libya,"2005",30782.9,132,21.2,22.9,30.7,4.7
"434",Libya,"2006",32041,132,22,24.1,30.3,5
"434",Libya,"2007",33345.9,132,23,25,29.8,5.3
"434",Libya,"2008",32590.7,132,23.9,25.8,29.5,5.6
"434",Libya,"2009",30510.9,129,25,26.3,29.1,6.7
"434",Libya,"2010",31394.2,128,26.3,26.5,28.8,7.1
"434",Libya,"2011",16356.4,130,27.9,26.6,28.7,6.5
"434",Libya,"2012",32214.9,136,30,26.4,28.6,5.2
"434",Libya,"2013",25907.8,139,32.2,26.4,28.7,4.8
"434",Libya,"2014",19569.9,137,34.7,26.5,28.8,5.4
"434",Libya,"2015",19108.9,136,37.7,26.6,28.9,6.1
"434",Libya,"2016",18554.5,135,40.7,26.7,29.2,6.6
"434",Libya,"2017",24212.9,135,43.1,27.1,29.4,6.9
"434",Libya,"2018",25734.2,136,45.6,27.4,29.6,7.1
"434",Libya,"2019",22535.4,136,47.9,27.6,29.9,7.7
"450",Madagascar,"2001",1614.4,95,54.8,3.5,42.3,34.1
"450",Madagascar,"2002",1372.8,94,54.5,3.6,42,35.6
"450",Madagascar,"2003",1463.6,94,54.1,3.5,41.6,36.9
"450",Madagascar,"2004",1496.1,95,53.6,3.4,41.1,35.4
"450",Madagascar,"2005",1522.1,96,53.1,3.2,40.5,33.7
"450",Madagascar,"2006",1558,98,52.5,3,39.9,31.4
"450",Madagascar,"2007",1599.4,98,51.8,2.7,39.5,30.9
"450",Madagascar,"2008",1657.8,98,50.9,2.5,38.9,30.7
"450",Madagascar,"2009",1546.4,97,50.1,2.3,38.3,29.9
"450",Madagascar,"2010",1512,97,49.2,2.1,37.9,28.3
"450",Madagascar,"2011",1493.4,97,48.2,2,37.7,27.2
"450",Madagascar,"2012",1497,96,47.3,1.8,37.5,29.3
"450",Madagascar,"2013",1491.1,93,46.5,1.7,37.4,33
"450",Madagascar,"2014",1500.9,90,45.7,1.7,37.4,37.7
"450",Madagascar,"2015",1508.4,89,45,1.6,37.4,40.4
"450",Madagascar,"2016",1528.6,88,44.2,1.6,37.5,41.9
"450",Madagascar,"2017",1548.2,87,43.4,1.5,37.5,42.8
"450",Madagascar,"2018",1557.3,86,42.4,1.5,37.7,44.7
"450",Madagascar,"2019",1585.5,84,41.4,1.5,37.8,47.1
"454",Malawi,"2001",1038.5,107,55.7,12.2,37.6,23.4
"454",Malawi,"2002",1030.6,107,55.3,11.9,37.3,23.6
"454",Malawi,"2003",1062,106,54.7,11.4,37,24.2
"454",Malawi,"2004",1090.4,106,54.1,10.7,36.6,23.5
"454",Malawi,"2005",1095.7,108,53.4,9.7,36,21.9
"454",Malawi,"2006",1115.4,110,52.6,8.8,35.2,20.1
"454",Malawi,"2007",1188.4,113,51.5,7.8,34.3,18.6
"454",Malawi,"2008",1242.9,114,50.2,7,33.3,18.3
"454",Malawi,"2009",1307.8,117,48.7,6.3,32.4,16.1
"454",Malawi,"2010",1357.9,120,47,5.7,31.5,14.2
"454",Malawi,"2011",1383.6,123,45.3,5.3,31,12.1
"454",Malawi,"2012",1370.3,123,43.6,4.9,30.6,12.4
"454",Malawi,"2013",1401.7,123,42.1,4.6,30.4,12.9
"454",Malawi,"2014",1440.8,123,40.7,4.4,30.3,13.3
"454",Malawi,"2015",1440.8,122,39.4,4.2,30.4,13.9
"454",Malawi,"2016",1437,122,38.4,4,30.5,14.3
"454",Malawi,"2017",1454.8,121,37.7,3.9,30.8,15.1
"454",Malawi,"2018",1478.4,121,36.9,3.8,31,15.7
"454",Malawi,"2019",1517.7,121,36.1,3.8,31.4,16.5
"466",Mali,"2001",1774.7,110,39,3.2,62.5,16.6
"466",Mali,"2002",1773.3,111,38.6,3.5,62.2,15.6
"466",Mali,"2003",1874,112,38.1,3.5,61.8,15.4
"466",Mali,"2004",1842.1,113,37.6,3.3,61.4,14.7
"466",Mali,"2005",1898.6,115,37,3,61,13.6
"466",Mali,"2006",1922.5,118,36.4,2.5,60.5,12.1
"466",Mali,"2007",1925.1,121,35.7,2.2,60,10.7
"466",Mali,"2008",1951.8,124,34.8,1.9,59.5,9.6
"466",Mali,"2009",1980.1,127,33.8,1.7,59.1,7.8
"466",Mali,"2010",2018.6,130,32.7,1.6,58.6,6.3
"466",Mali,"2011",2017.1,132,31.7,1.6,58.4,5
"466",Mali,"2012",1942.7,133,30.7,1.6,58.2,4.6
"466",Mali,"2013",1930.1,132,29.9,1.6,58.2,4.4
"466",Mali,"2014",2002.4,132,29.3,1.6,58.2,4.3
"466",Mali,"2015",2060.1,131,28.6,1.7,58.3,4.2
"466",Mali,"2016",2112.2,132,27.9,1.7,58.5,3.8
"466",Mali,"2017",2153.8,130,27.2,1.7,58.6,3.9
"466",Mali,"2018",2185.6,129,26.4,1.8,58.8,4.3
"466",Mali,"2019",2219,128,25.6,1.8,59,6.6
"478",Mauritania,"2001",4037.5,124,37.7,3.9,48.4,8.2
"478",Mauritania,"2002",4006.4,126,36.2,4.3,48.2,7.7
"478",Mauritania,"2003",4192.4,125,34.7,4.4,48,8.1
"478",Mauritania,"2004",4296.5,125,33.3,4.1,47.9,8.3
"478",Mauritania,"2005",4562.7,123,32.1,3.7,47.7,9.1
"478",Mauritania,"2006",5278.5,125,30.9,3.2,47.4,8.4
"478",Mauritania,"2007",5056,128,29.9,2.7,47.1,7.7
"478",Mauritania,"2008",4914.8,130,29,2.3,46.7,6.9
"478",Mauritania,"2009",4787.5,130,28.1,2.1,46.3,7
"478",Mauritania,"2010",4773.8,130,27.3,2,45.9,7
"478",Mauritania,"2011",4825.1,132,26.6,1.9,45.5,6.7
"478",Mauritania,"2012",4885.7,134,26,1.9,45.1,6.3
"478",Mauritania,"2013",4943.2,134,25.6,1.9,44.8,6.2
"478",Mauritania,"2014",5020.1,134,25.3,1.9,44.5,6.5
"478",Mauritania,"2015",5151.9,133,25.1,1.9,44.2,6.8
"478",Mauritania,"2016",5080.8,132,24.9,1.9,43.9,7
"478",Mauritania,"2017",5259.1,132,24.6,1.9,43.7,7
"478",Mauritania,"2018",5367.2,133,24.3,1.9,43.5,6.9
"478",Mauritania,"2019",5505.6,134,23.8,1.9,43.3,7
"480",Mauritius,"2001",12564.9,123,12.4,9.4,18.6,5.8
"480",Mauritius,"2002",12679.4,124,12.1,9.9,18.6,5.6
"480",Mauritius,"2003",13333.9,124,11.6,10.3,18.7,5.4
"480",Mauritius,"2004",13824.3,125,11.2,10.4,18.7,5.3
"480",Mauritius,"2005",13987,125,10.7,10.3,18.7,5.1
"480",Mauritius,"2006",14599.3,126,10.4,10,18.7,5
"480",Mauritius,"2007",15365.2,125,10.1,9.6,18.7,5.3
"480",Mauritius,"2008",16134.5,126,9.9,9.1,18.7,5
"480",Mauritius,"2009",16625.1,126,9.6,8.7,18.6,5
"480",Mauritius,"2010",17311.6,126,9.4,8.3,18.7,4.7
"480",Mauritius,"2011",17988.7,124,9.2,8,18.9,5.1
"480",Mauritius,"2012",18566,123,9,7.8,19.2,5.4
"480",Mauritius,"2013",19147.7,122,8.9,7.5,19.7,5.6
"480",Mauritius,"2014",19844.5,122,8.8,7.4,20.2,5.7
"480",Mauritius,"2015",20549.6,122,8.8,7.2,20.7,5.9
"480",Mauritius,"2016",21328.7,122,8.9,7.1,21.4,6.1
"480",Mauritius,"2017",22148.6,122,8.9,7,22,6.2
"480",Mauritius,"2018",23023.5,123,8.9,6.9,22.7,5.9
"480",Mauritius,"2019",23681.6,123,8.9,6.9,23.5,6.6
"504",Morocco,"2001",4353.8,133,24.1,13.7,34.8,6.3
"504",Morocco,"2002",4431.3,134,23,14.2,34.3,5.9
"504",Morocco,"2003",4637,136,22,14.5,33.9,5.6
"504",Morocco,"2004",4797.7,136,21.1,14.6,33.6,5.6
"504",Morocco,"2005",4889.1,136,20.3,14.5,33.2,5.5
"504",Morocco,"2006",5189.4,135,19.5,14.1,32.7,5.8
"504",Morocco,"2007",5302.2,136,18.8,13.7,32.1,5.6
"504",Morocco,"2008",5543.1,135,18.1,13,31.5,5.7
"504",Morocco,"2009",5703,136,17.5,12.2,31,5.5
"504",Morocco,"2010",5841.9,138,16.8,11.3,30.5,5.1
"504",Morocco,"2011",6064.4,139,16.3,10.4,30.1,4.6
"504",Morocco,"2012",6161,140,15.8,9.5,29.8,4.4
"504",Morocco,"2013",6352.4,141,15.4,8.7,29.6,4.1
"504",Morocco,"2014",7462.2,142,15.1,8.1,29.5,4
"504",Morocco,"2015",7687.7,143,14.8,7.5,29.5,3.8
"504",Morocco,"2016",7632.2,143,14.6,7,29.5,3.7
"504",Morocco,"2017",7921.6,143,14.3,6.5,29.6,3.6
"504",Morocco,"2018",8072.1,143,14.1,6.1,29.7,3.6
"504",Morocco,"2019",8217.6,143,13.8,5.7,29.9,4.2
"508",Mozambique,"2001",687.2,98,48.1,7,49.6,36.9
"508",Mozambique,"2002",732,99,47.6,7.3,49.8,35.4
"508",Mozambique,"2003",762.3,100,47.1,7.4,50.1,34.3
"508",Mozambique,"2004",801.4,100,46.7,7.4,50.3,34.4
"508",Mozambique,"2005",832.8,100,46.3,7.2,50.3,33.8
"508",Mozambique,"2006",890.5,100,46,6.9,50.3,33
"508",Mozambique,"2007",934.7,102,45.5,6.6,50.2,30.5
"508",Mozambique,"2008",977.2,103,44.9,6.3,49.9,29.2
"508",Mozambique,"2009",1011.6,107,44.2,6.1,49.6,23.9
"508",Mozambique,"2010",1047.6,111,43.6,5.9,49.2,19.7
"508",Mozambique,"2011",1092.8,114,43,5.7,49,16
"508",Mozambique,"2012",1137.3,112,42.6,5.5,48.8,17.2
"508",Mozambique,"2013",1179.7,105,42.2,5.4,48.7,23.5
"508",Mozambique,"2014",1228.7,97,41.8,5.3,48.5,31.2
"508",Mozambique,"2015",1272,90,41.4,5.3,48.3,39.5
"508",Mozambique,"2016",1279.9,89,40.8,5.3,48.2,40.7
"508",Mozambique,"2017",1287.2,93,40.1,5.3,48.1,35.5
"508",Mozambique,"2018",1292.9,97,39.3,5.4,48,29.5
"508",Mozambique,"2019",1285.2,99,38.5,5.4,47.9,27
"516",Namibia,"2001",6655.8,106,29.8,3.9,29.5,15.6
"516",Namibia,"2002",6855.8,106,29.8,3.9,28.7,16.5
"516",Namibia,"2003",7046.1,105,29.8,3.8,28.3,17.7
"516",Namibia,"2004",7812.9,104,29.6,3.9,28,18.7
"516",Namibia,"2005",7914.7,103,29.4,3.9,27.5,20.3
"516",Namibia,"2006",8373.5,102,28.9,3.9,27,22.4
"516",Namibia,"2007",8714.1,99,28.5,4,26.5,26.1
"516",Namibia,"2008",8826.3,96,27.8,4,25.9,30.6
"516",Namibia,"2009",8726.7,94,27,4,25.5,31.9
"516",Namibia,"2010",9115.5,95,26.1,4.1,25.1,30.4
"516",Namibia,"2011",9431,99,25.1,4.2,24.8,25.9
"516",Namibia,"2012",9747.8,102,24,4.2,24.7,23.4
"516",Namibia,"2013",10122.2,104,23,4.3,24.5,21.8
"516",Namibia,"2014",10554.6,105,22.1,4.4,24.4,21
"516",Namibia,"2015",10813.2,106,21.2,4.5,24.5,20.3
"516",Namibia,"2016",10627.6,108,20.4,4.6,24.5,19.3
"516",Namibia,"2017",10335.3,109,19.7,4.7,24.6,18.9
"516",Namibia,"2018",10266.2,110,19,4.8,24.8,18.2
"516",Namibia,"2019",10009.6,112,18.3,5,25.2,17.6
"562",Niger,"2001",942.3,106,53,1.6,51.4,23.3
"562",Niger,"2002",954.9,108,52.6,1.7,51,22.4
"562",Niger,"2003",942,109,52.1,1.7,50.7,21.1
"562",Niger,"2004",912.5,111,51.6,1.6,50.3,19.4
"562",Niger,"2005",944.8,112,51,1.5,50,19.1
"562",Niger,"2006",965.4,112,50.5,1.3,49.8,19.2
"562",Niger,"2007",960.1,113,49.9,1.2,49.6,18.5
"562",Niger,"2008",997,114,49.2,1,49.4,17.8
"562",Niger,"2009",979.7,117,48.5,1,49.2,15.8
"562",Niger,"2010",1024.7,117,47.8,1,49,15.3
"562",Niger,"2011",1010.3,118,47.1,1,49,14.4
"562",Niger,"2012",1075.1,117,46.6,1.1,49.1,14.7
"562",Niger,"2013",1089.9,118,46.1,1.2,49.2,14.1
"562",Niger,"2014",1119.1,119,46,1.3,49.3,13.3
"562",Niger,"2015",1124.4,120,46,1.4,49.3,12.4
"562",Niger,"2016",1143.9,121,46.1,1.5,49.4,11.7
"562",Niger,"2017",1156,122,46.3,1.7,49.5,10.9
"562",Niger,"2018",1193.3,122,46.4,1.8,49.5,11
"562",Niger,"2019",1217.4,123,46.6,2,49.5,11.9
"566",Nigeria,"2001",3056.5,121,41.6,6.2,58.5,8.8
"566",Nigeria,"2002",3431.7,121,41.4,6.7,58.2,8.8
"566",Nigeria,"2003",3586,122,41.3,6.8,57.9,8.5
"566",Nigeria,"2004",3813.5,124,41.1,6.3,57.5,7.8
"566",Nigeria,"2005",3951.2,126,40.9,5.6,57.1,7
"566",Nigeria,"2006",4079.1,127,40.7,4.7,56.7,6.6
"566",Nigeria,"2007",4231.8,127,40.4,3.9,56.3,6.4
"566",Nigeria,"2008",4396.8,127,40,3.3,55.9,6.7
"566",Nigeria,"2009",4622.4,125,39.4,3,55.6,7.5
"566",Nigeria,"2010",4857.3,122,38.8,2.7,55.3,8.4
"566",Nigeria,"2011",4975.6,119,38.2,2.6,55.1,9.2
"566",Nigeria,"2012",5045.5,118,37.7,2.5,54.9,9.7
"566",Nigeria,"2013",5238.8,119,37.3,2.5,54.9,9.6
"566",Nigeria,"2014",5424.9,119,36.9,2.4,54.9,9.5
"566",Nigeria,"2015",5429.1,119,36.7,2.4,54.9,9.3
"566",Nigeria,"2016",5209.1,119,36.4,2.3,54.9,9.6
"566",Nigeria,"2017",5120,118,36.2,2.3,54.9,10.1
"566",Nigeria,"2018",5089.8,117,35.8,2.2,55,10.6
"566",Nigeria,"2019",5076.4,116,35.4,2.2,55.1,12.4
"646",Rwanda,"2001",908,97,48.6,7.7,24.6,38
"646",Rwanda,"2002",1009.6,100,48.8,8,24,34.7
"646",Rwanda,"2003",1008.2,101,48.9,8.2,23.5,34
"646",Rwanda,"2004",1055.8,100,49,8.1,22.9,35
"646",Rwanda,"2005",1124.8,100,49.1,7.9,22.2,34.3
"646",Rwanda,"2006",1196.2,102,49,7.6,21.6,32.7
"646",Rwanda,"2007",1253.3,103,48.5,7.3,20.8,31.3
"646",Rwanda,"2008",1356.4,106,47.6,7,20.1,28.6
"646",Rwanda,"2009",1403.6,104,46.4,6.8,19.5,29
"646",Rwanda,"2010",1467.7,102,44.8,6.6,19,30.3
"646",Rwanda,"2011",1544.4,98,43.1,6.4,18.6,33
"646",Rwanda,"2012",1637.1,98,41.2,6.3,18.3,33
"646",Rwanda,"2013",1674.1,98,39.6,6.2,18,33.1
"646",Rwanda,"2014",1735.5,98,38.1,6.1,17.9,33
"646",Rwanda,"2015",1844.7,99,36.7,6,17.8,32.6
"646",Rwanda,"2016",1907.7,100,35.6,5.8,17.6,31.5
"646",Rwanda,"2017",1935,100,34.6,5.6,17.4,31.4
"646",Rwanda,"2018",2050.4,100,33.6,5.5,17.3,31.8
"646",Rwanda,"2019",2191.4,99,32.6,5.3,17.2,32.7
"678",Sao Tome and Principe,"2001",2559,106,30.8,3.5,51.4,15.7
"678",Sao Tome and Principe,"2002",2581.7,108,30.1,3.9,50.9,13.7
"678",Sao Tome and Principe,"2003",2724.5,110,29.2,4.1,50.4,12.3
"678",Sao Tome and Principe,"2004",2750.5,111,28.1,4.1,49.9,11.1
"678",Sao Tome and Principe,"2005",2860.2,112,27.1,3.7,49.3,10.3
"678",Sao Tome and Principe,"2006",3037.8,112,25.9,3.3,48.7,10.4
"678",Sao Tome and Principe,"2007",3072,111,24.8,2.9,48.1,11.3
"678",Sao Tome and Principe,"2008",3185.4,109,23.6,2.6,47.5,12.8
"678",Sao Tome and Principe,"2009",3187.1,107,22.5,2.5,47,14
"678",Sao Tome and Principe,"2010",3324.9,106,21.2,2.4,46.4,15.4
"678",Sao Tome and Principe,"2011",3398.3,104,20,2.5,46,16.2
"678",Sao Tome and Principe,"2012",3433.4,104,18.8,2.5,45.7,16.1
"678",Sao Tome and Principe,"2013",3527.6,104,17.7,2.7,45.4,15.9
"678",Sao Tome and Principe,"2014",3687.4,104,16.6,2.8,45.2,16.2
"678",Sao Tome and Principe,"2015",3762.6,105,15.6,3,45,16.1
"678",Sao Tome and Principe,"2016",3852.1,105,14.6,3.1,44.8,15.8
"678",Sao Tome and Principe,"2017",3934.9,105,13.7,3.3,44.5,15.3
"678",Sao Tome and Principe,"2018",3987.4,105,12.8,3.6,44.3,15.3
"678",Sao Tome and Principe,"2019",4013.7,106,12,3.8,44.2,14.9
"686",Senegal,"2001",2668.8,98,23.9,3.3,59.7,24.5
"686",Senegal,"2002",2606.9,99,23.2,3.5,59.6,23.2
"686",Senegal,"2003",2685.8,100,22.5,3.5,59.5,21.7
"686",Senegal,"2004",2741.1,102,21.8,3.2,59.4,19.8
"686",Senegal,"2005",2787.5,103,21.3,2.8,59.2,18.1
"686",Senegal,"2006",2779.2,105,20.8,2.4,59,16.5
"686",Senegal,"2007",2783.5,108,20.3,2,58.6,13.6
"686",Senegal,"2008",2811.5,110,19.9,1.7,58.1,11.8
"686",Senegal,"2009",2812.5,111,19.4,1.6,57.5,10.7
"686",Senegal,"2010",2830.2,111,19,1.5,56.9,10.8
"686",Senegal,"2011",2790.9,111,18.7,1.5,56.4,10.7
"686",Senegal,"2012",2824.5,111,18.5,1.5,55.9,11
"686",Senegal,"2013",2815.3,111,18.5,1.6,55.4,10.8
"686",Senegal,"2014",2910.3,111,18.5,1.6,54.9,10.6
"686",Senegal,"2015",3012.4,113,18.6,1.7,54.5,9.5
"686",Senegal,"2016",3118.4,115,18.6,1.8,54,8.3
"686",Senegal,"2017",3259.2,117,18.5,1.9,53.6,7.3
"686",Senegal,"2018",3368.9,118,18.3,2.1,53.1,6.7
"686",Senegal,"2019",3430.5,120,18,2.3,52.7,6.3
"690",Seychelles,"2001",18865.3,126,10.2,11.2,27.3,2.6
"690",Seychelles,"2002",18519.2,126,9.9,11.9,27,2.6
"690",Seychelles,"2003",17627.3,126,9.5,12.4,26.6,2.6
"690",Seychelles,"2004",17188.3,127,9.2,12.6,26.4,2.6
"690",Seychelles,"2005",18649.7,127,9,12.4,26.1,2.6
"690",Seychelles,"2006",19983.8,127,8.8,12.1,25.5,2.6
"690",Seychelles,"2007",21954,127,8.6,11.7,25.1,2.8
"690",Seychelles,"2008",21007.6,127,8.5,11.3,24.6,2.6
"690",Seychelles,"2009",20694,124,8.3,10.8,24.1,3.3
"690",Seychelles,"2010",21322.5,122,8.2,10.5,23.8,4
"690",Seychelles,"2011",23617,118,8,10.2,23.6,5
"690",Seychelles,"2012",23681.3,116,7.9,9.9,23.5,5.6
"690",Seychelles,"2013",24647.1,116,7.8,9.7,23.5,5.7
"690",Seychelles,"2014",25359.8,116,7.8,9.5,23.7,5.7
"690",Seychelles,"2015",26198.7,117,7.8,9.4,23.9,5.2
"690",Seychelles,"2016",27234.4,119,7.8,9.3,24.1,4.7
"690",Seychelles,"2017",28116.7,120,7.8,9.3,24.4,4.3
"690",Seychelles,"2018",28740.5,121,7.7,9.2,24.7,4
"690",Seychelles,"2019",29369.5,121,7.6,9.2,25.1,4
"694",Sierra Leone,"2001",935,85,38.5,5.3,53.5,50.4
"694",Sierra Leone,"2002",1117,86,38.7,5.9,52.8,49.5
"694",Sierra Leone,"2003",1172.9,86,38.9,6.1,52.2,49
"694",Sierra Leone,"2004",1209.1,87,39,5.8,51.6,48.5
"694",Sierra Leone,"2005",1230.2,88,39,5.3,51,46.5
"694",Sierra Leone,"2006",1254.2,91,39,4.6,50.5,43.5
"694",Sierra Leone,"2007",1325.8,92,38.8,4,49.8,41.5
"694",Sierra Leone,"2008",1362.5,93,38.3,3.6,49.2,40.1
"694",Sierra Leone,"2009",1368,99,37.7,3.3,48.7,33.5
"694",Sierra Leone,"2010",1401.6,105,36.9,3.2,48.3,26.7
"694",Sierra Leone,"2011",1450.5,110,35.9,3.2,48,21.1
"694",Sierra Leone,"2012",1627.3,109,34.9,3.3,47.9,21.4
"694",Sierra Leone,"2013",1914.7,107,33.8,3.4,47.7,22.7
"694",Sierra Leone,"2014",1952.7,107,32.9,3.6,47.7,22.6
"694",Sierra Leone,"2015",1513.6,106,32.3,3.7,47.8,23.7
"694",Sierra Leone,"2016",1566.8,106,31.6,3.8,47.9,24.2
"694",Sierra Leone,"2017",1593.5,105,30.5,4.1,48.1,25.7
"694",Sierra Leone,"2018",1610.2,105,28.8,4.3,48.2,26.8
"694",Sierra Leone,"2019",1655.7,104,28.1,4.5,48.4,27.5
"706",Somalia,"2013",889.2,77,26.4,2.9,43.8,60.4
"706",Somalia,"2014",925.6,78,25.3,2.8,43.7,58.7
"706",Somalia,"2015",1029.7,78,24.2,2.7,43.5,58.2
"706",Somalia,"2016",1076.2,79,23.2,2.7,43.4,57.7
"706",Somalia,"2017",1059.1,79,22.2,2.7,43.3,56.6
"706",Somalia,"2018",1098.5,81,21.2,2.7,43.2,54
"706",Somalia,"2019",1138.3,82,20.3,2.7,43.1,51.9
"710",South Africa,"2001",10789.1,122,26.3,11.9,34.7,3.8
"710",South Africa,"2002",11086.9,122,26.2,12,34.2,3.7
"710",South Africa,"2003",11308.9,123,26.2,12.1,33.7,3.6
"710",South Africa,"2004",11713.9,123,26.2,12.1,33.1,3.4
"710",South Africa,"2005",12216,123,26.2,12.1,32.4,3.4
"710",South Africa,"2006",12776.9,123,26,12.2,31.7,3.5
"710",South Africa,"2007",13326,122,25.5,12.4,30.9,3.6
"710",South Africa,"2008",13596.3,122,24.8,12.5,30.2,3.6
"710",South Africa,"2009",13228.9,121,24.1,12.7,29.6,4.1
"710",South Africa,"2010",13469.4,120,23.4,12.9,29.1,4.7
"710",South Africa,"2011",13721.7,119,22.9,13,28.7,5.1
"710",South Africa,"2012",13865,120,22.5,13.1,28.6,5.2
"710",South Africa,"2013",14017.4,119,22.4,13.1,28.6,5.5
"710",South Africa,"2014",13993.3,118,22.3,13,28.7,6.3
"710",South Africa,"2015",13887.2,118,22.3,13,28.9,6.5
"710",South Africa,"2016",13844.3,119,22.4,13,29.1,6.2
"710",South Africa,"2017",13950.5,120,22.4,12.9,29.5,5.7
"710",South Africa,"2018",13990.3,121,22.4,12.8,29.9,5.7
"710",South Africa,"2019",13852.2,120,22.5,12.6,30.5,6.1
"729",Sudan,"2013",4692.3,120,36,2.4,36.6,9.7
"729",Sudan,"2014",4776.6,121,36.1,2.3,36.4,9.3
"729",Sudan,"2015",4718.9,120,36.2,2.3,36.3,9.7
"729",Sudan,"2016",4733,119,36.4,2.3,36.3,10.6
"729",Sudan,"2017",4614,118,36.5,2.4,36.4,11.1
"729",Sudan,"2018",4349.2,117,36.5,2.4,36.4,11.5
"729",Sudan,"2019",4133.1,118,36.5,2.5,36.5,11.3
"768",Togo,"2001",1640.8,97,31.8,2.9,49.5,31.6
"768",Togo,"2002",1659.7,98,31.6,3.1,49.5,31.6
"768",Togo,"2003",1725.7,99,31.3,3.2,49.4,30.3
"768",Togo,"2004",1664.5,100,31.1,3,49.4,29.3
"768",Togo,"2005",1546.1,101,31,2.7,49.3,28.3
"768",Togo,"2006",1543.2,101,30.8,2.4,49.2,27.8
"768",Togo,"2007",1481.3,102,30.4,2,49,26.7
"768",Togo,"2008",1498.2,103,30,1.8,48.7,25.8
"768",Togo,"2009",1537.6,105,29.4,1.7,48.3,23.3
"768",Togo,"2010",1588.4,107,28.7,1.6,48,21.2
"768",Togo,"2011",1645.7,109,27.8,1.6,47.7,19.6
"768",Togo,"2012",1708.4,109,27.3,1.6,47.4,19.5
"768",Togo,"2013",1767,109,26.8,1.7,47.2,19.2
"768",Togo,"2014",1824.8,108,26.4,1.7,46.9,19.7
"768",Togo,"2015",1881.9,108,26,1.7,46.7,19.8
"768",Togo,"2016",1937.7,107,25.6,1.8,46.4,20.3
"768",Togo,"2017",1972.7,107,25.1,1.8,46.1,20
"768",Togo,"2018",2021,107,24.6,1.9,45.9,19.7
"768",Togo,"2019",2080.5,109,24.1,1.9,45.7,18.8
"788",Tunisia,"2001",7883.4,136,12.2,4.5,31.2,4.4
"788",Tunisia,"2002",7908.9,136,11.8,5.1,31,4.5
"788",Tunisia,"2003",8200.2,135,11.5,5.8,31,4.5
"788",Tunisia,"2004",8628.3,136,11.2,6.5,31,4.4
"788",Tunisia,"2005",8846.5,136,10.9,7.4,30.9,4.3
"788",Tunisia,"2006",9225.8,136,10.7,8.2,30.9,4.3
"788",Tunisia,"2007",9754.8,138,10.3,9.1,30.7,4
"788",Tunisia,"2008",10073,139,10,9.9,30.6,3.8
"788",Tunisia,"2009",10279.3,139,9.6,10.7,30.4,3.6
"788",Tunisia,"2010",10477.3,138,9.3,11.4,30.3,3.5
"788",Tunisia,"2011",10135,138,9,12.1,30.3,3.4
"788",Tunisia,"2012",10428.3,139,8.8,12.7,30.4,3.3
"788",Tunisia,"2013",10562.7,140,8.7,13.4,30.5,3.1
"788",Tunisia,"2014",10766.5,141,8.6,14.1,30.6,2.9
"788",Tunisia,"2015",10749.5,142,8.6,14.8,30.8,2.8
"788",Tunisia,"2016",10750.7,142,8.7,15.6,31.1,2.7
"788",Tunisia,"2017",10874.9,143,8.7,16.3,31.4,2.6
"788",Tunisia,"2018",11043,145,8.8,17,31.7,1.75
"788",Tunisia,"2019",11100.8,147,8.8,17.6,32.1,1.75
"800",Uganda,"2001",1266.7,113,43.6,5.8,38.6,18.4
"800",Uganda,"2002",1335.2,115,43.1,6,37.9,16.9
"800",Uganda,"2003",1378,117,42.6,6,37.3,16
"800",Uganda,"2004",1428.8,117,42,5.9,36.7,15.9
"800",Uganda,"2005",1475.8,115,41.3,5.6,36,16.9
"800",Uganda,"2006",1588,113,40.6,5.3,35.1,18.5
"800",Uganda,"2007",1671.8,110,39.7,5,34.3,20.1
"800",Uganda,"2008",1765,109,38.6,4.7,33.4,20.7
"800",Uganda,"2009",1830.9,109,37.4,4.4,32.6,19.4
"800",Uganda,"2010",1878.5,109,36,4.2,32,18.4
"800",Uganda,"2011",1996.1,109,34.6,4,31.5,18
"800",Uganda,"2012",2013.5,108,33.3,3.9,31.3,19.3
"800",Uganda,"2013",2026.6,106,32.1,3.8,31.2,21.3
"800",Uganda,"2014",2067.8,104,30.8,3.7,31.3,24.7
"800",Uganda,"2015",2108.9,99,29.6,3.7,31.5,30.2
"800",Uganda,"2016",2137.2,96,28.4,3.7,31.7,34.2
"800",Uganda,"2017",2128.4,96,27.3,3.6,32,35.5
"800",Uganda,"2018",2186.9,98,26.3,3.6,32.4,34.1
"800",Uganda,"2019",2250,100,25.5,3.6,32.8,32.5
"834",United Republic of Tanzania,"2001",1414.3,99,46.8,5.3,46.3,32.8
"834",United Republic of Tanzania,"2002",1475.6,98,46.2,5.5,46.1,33.7
"834",United Republic of Tanzania,"2003",1532.8,99,45.5,5.6,45.8,32.2
"834",United Republic of Tanzania,"2004",1603.7,99,44.8,5.6,45.5,31.3
"834",United Republic of Tanzania,"2005",1676.6,102,44.2,5.5,45.1,28.1
"834",United Republic of Tanzania,"2006",1736.8,104,43.6,5.3,44.6,25.6
"834",United Republic of Tanzania,"2007",1803.1,104,42.9,5.1,43.8,25.4
"834",United Republic of Tanzania,"2008",1854.4,104,42.2,4.9,43,25.6
"834",United Republic of Tanzania,"2009",1904,104,41.3,4.7,42.2,25.6
"834",United Republic of Tanzania,"2010",1973,106,40.3,4.6,41.4,23.8
"834",United Republic of Tanzania,"2011",2064.7,108,39.2,4.5,40.8,21.7
"834",United Republic of Tanzania,"2012",2095.9,109,38.1,4.5,40.3,20.7
"834",United Republic of Tanzania,"2013",2171.4,110,37.1,4.5,40,20.3
"834",United Republic of Tanzania,"2014",2246.6,111,36.2,4.6,39.8,20.2
"834",United Republic of Tanzania,"2015",2306.6,111,35.4,4.6,39.7,20.5
"834",United Republic of Tanzania,"2016",2380.9,111,34.7,4.6,39.5,21.1
"834",United Republic of Tanzania,"2017",2458.3,111,34.1,4.6,39.1,21.8
"834",United Republic of Tanzania,"2018",2511,111,33.5,4.6,39,22.2
"834",United Republic of Tanzania,"2019",2577.7,111,32.9,4.6,38.9,22.3
"894",Zambia,"2001",2142.8,86,51.6,9.2,35.1,50.4
"894",Zambia,"2002",2171.9,86,51.3,9.5,34.7,50.2
"894",Zambia,"2003",2252.1,86,50.7,9.5,34.3,50.1
"894",Zambia,"2004",2335.1,86,50.1,9.3,34,49.9
"894",Zambia,"2005",2422.4,85,49.4,9,33.6,51.4
"894",Zambia,"2006",2525.1,84,48.6,8.5,33.1,53.3
"894",Zambia,"2007",2641,82,47.6,7.9,32.5,54.9
"894",Zambia,"2008",2746.5,83,46.5,7.4,31.9,54
"894",Zambia,"2009",2895,87,45.2,7,31.3,49.1
"894",Zambia,"2010",3083.4,90,43.7,6.6,30.9,44.1
"894",Zambia,"2011",3146.8,93,42.2,6.3,30.6,40.2
"894",Zambia,"2012",3276,94,40.8,6,30.5,38.6
"894",Zambia,"2013",3330.9,96,39.6,5.8,30.5,36.7
"894",Zambia,"2014",3375.9,98,38.6,5.7,30.7,35
"894",Zambia,"2015",3365.4,99,37.6,5.6,30.7,33
"894",Zambia,"2016",3384.3,101,36.6,5.5,30.8,31.2
"894",Zambia,"2017",3395.5,103,35.4,5.5,31,29.4
"894",Zambia,"2018",3425.9,103,34.2,5.5,31.2,28.8
"894",Zambia,"2019",3372.4,103,33.2,5.5,31.5,29.2
"716",Zimbabwe,"2001",2772.3,95,33.1,8.1,33.5,33
"716",Zimbabwe,"2002",2510.2,96,33.6,7.8,33.2,32.1
"716",Zimbabwe,"2003",2067.9,96,34.1,7.5,33.1,31.6
"716",Zimbabwe,"2004",1934.2,96,34.4,7.2,32.9,31.6
"716",Zimbabwe,"2005",1814.2,98,34.8,6.8,32.8,30
"716",Zimbabwe,"2006",1736.4,98,35,6.5,32.6,29.3
"716",Zimbabwe,"2007",1656.8,99,34.9,6.2,32.2,28.7
"716",Zimbabwe,"2008",1353.2,99,34.7,5.8,31.9,28.7
"716",Zimbabwe,"2009",1500.4,100,34.2,5.5,31.4,27.8
"716",Zimbabwe,"2010",1799.5,101,33.5,5.2,30.9,26.3
"716",Zimbabwe,"2011",2033.2,103,32.4,4.8,30.4,25.1
"716",Zimbabwe,"2012",2310.8,103,31.1,4.6,30,25.1
"716",Zimbabwe,"2013",2333.6,101,29.6,4.3,29.6,27
"716",Zimbabwe,"2014",2317,98,28.1,4.1,29.3,30
"716",Zimbabwe,"2015",2313.9,96,26.8,3.9,29.1,32.6
"716",Zimbabwe,"2016",2286.6,95,25.6,3.7,28.9,35.1
"716",Zimbabwe,"2017",2331.8,94,24.6,3.5,28.8,36.3
"716",Zimbabwe,"2018",2399.6,92,23.8,3.3,28.8,38.2
"716",Zimbabwe,"2019",2203.4,91,23.1,3.1,28.9,38.9
